[{"number_of_pages": 2, "action": ["destinationairport", "fullname"], "action_page": [1, 1]}, {"number_of_pages": 2, "action": ["zipcode", "inpgroup1"], "action_page": [0, 0]}, {"number_of_pages": 1, "action": ["state", "lastname"], "action_page": [0, 0]}, {"number_of_pages": 2, "action": ["captcha", "carousel", "flighttype"], "action_page": [0, 0, 1]}, {"number_of_pages": 2, "action": ["navbar", "stayloggedin", "lastname"], "action_page": [0, 0, 1]}, {"number_of_pages": 2, "action": ["next_login", "destinationairport", "destinationairport"], "action_page": [0, 0, 1]}, {"number_of_pages": 3, "action": ["stayloggedin", "captcha", "captcha", "city"], "action_page": [0, 1, 1, 2]}, {"number_of_pages": 2, "action": ["inpgroup1", "rememberme"], "action_page": [1, 1]}, {"number_of_pages": 2, "action": ["flighttype", "zipcode", "state"], "action_page": [0, 1, 1]}, {"number_of_pages": 2, "action": ["next_login", "addressline1", "firstname"], "action_page": [0, 0, 1]}, {"number_of_pages": 2, "action": ["fullname", "numberofpeople", "cc"], "action_page": [0, 1, 1]}, {"number_of_pages": 2, "action": ["cccvv", "ccexpdate", "zipcode"], "action_page": [0, 0, 1]}, {"number_of_pages": 2, "action": ["cccvv", "fullname", "footer1"], "action_page": [0, 1, 1]}, {"number_of_pages": 1, "action": ["city", "navbar"], "action_page": [0, 0]}, {"number_of_pages": 2, "action": ["username", "captcha", "stayloggedin"], "action_page": [0, 0, 1]}, {"number_of_pages": 2, "action": ["ccexpdate", "ccnumber", "dealmedia"], "action_page": [0, 1, 1]}, {"number_of_pages": 1, "action": ["next_login", "lastname"], "action_page": [0, 0]}, {"number_of_pages": 2, "action": ["destinationdate", "cabin", "password"], "action_page": [0, 1, 1]}, {"number_of_pages": 2, "action": ["password", "footer1", "city"], "action_page": [0, 0, 1]}, {"number_of_pages": 2, "action": ["flighttype", "ccexpdate"], "action_page": [1, 1]}, {"number_of_pages": 3, "action": ["addressline2"], "action_page": [0]}, {"number_of_pages": 1, "action": ["zipcode", "cart"], "action_page": [0, 0]}, {"number_of_pages": 2, "action": ["stayloggedin", "cccvv"], "action_page": [0, 0]}, {"number_of_pages": 2, "action": ["city", "addressline1", "stayloggedin"], "action_page": [0, 0, 1]}, {"number_of_pages": 2, "action": ["navbar", "departuredate", "stayloggedin"], "action_page": [0, 0, 1]}, {"number_of_pages": 2, "action": ["ccexpdate", "zipcode"], "action_page": [0, 1]}, {"number_of_pages": 2, "action": ["addressline1", "firstname", "zipcode"], "action_page": [0, 1, 1]}, {"number_of_pages": 2, "action": ["numberofpeople", "cc"], "action_page": [1, 1]}, {"number_of_pages": 2, "action": ["fullname", "destinationairport", "deck"], "action_page": [0, 1, 1]}, {"number_of_pages": 2, "action": ["dealmedia", "lastname"], "action_page": [0, 0]}, {"number_of_pages": 2, "action": ["username", "numberofpeople"], "action_page": [1, 1]}, {"number_of_pages": 3, "action": ["city", "header", "stayloggedin"], "action_page": [0, 2, 2]}, {"number_of_pages": 2, "action": ["inpgroup1", "rememberme", "cccvv"], "action_page": [0, 0, 1]}, {"number_of_pages": 1, "action": ["departuredate", "city"], "action_page": [0, 0]}, {"number_of_pages": 2, "action": ["ccnumber", "cc", "fullname"], "action_page": [0, 1, 1]}, {"number_of_pages": 2, "action": ["firstname", "username", "firstname"], "action_page": [0, 1, 1]}, {"number_of_pages": 2, "action": ["password", "cabin"], "action_page": [0, 1]}, {"number_of_pages": 2, "action": ["ccnumber", "zipcode", "cabin"], "action_page": [0, 0, 1]}, {"number_of_pages": 2, "action": ["cabin", "ccexpdate", "cc"], "action_page": [0, 1, 1]}, {"number_of_pages": 2, "action": ["departuredate", "submit", "ccnumber"], "action_page": [0, 0, 1]}, {"number_of_pages": 2, "action": ["ccnumber", "addressline1", "ccexpdate"], "action_page": [0, 1, 1]}, {"number_of_pages": 3, "action": ["destinationairport"], "action_page": [1]}, {"number_of_pages": 1, "action": ["username", "captcha"], "action_page": [0, 0]}, {"number_of_pages": 2, "action": ["numberofpeople", "firstname"], "action_page": [1, 1]}, {"number_of_pages": 2, "action": ["stayloggedin", "state", "cabin"], "action_page": [0, 1, 1]}, {"number_of_pages": 2, "action": ["username", "header_select_items", "ccnumber"], "action_page": [0, 0, 1]}, {"number_of_pages": 1, "action": ["departuredate", "numberofpeople"], "action_page": [0, 0]}, {"number_of_pages": 2, "action": ["submit", "addressline2", "firstname"], "action_page": [0, 0, 1]}, {"number_of_pages": 2, "action": ["addressline2", "ccnumber", "stayloggedin"], "action_page": [0, 0, 1]}, {"number_of_pages": 3, "action": ["username", "state"], "action_page": [0, 1]}, {"number_of_pages": 2, "action": ["stayloggedin", "city", "password"], "action_page": [0, 0, 1]}, {"number_of_pages": 2, "action": ["navbar", "stayloggedin"], "action_page": [0, 0]}, {"number_of_pages": 2, "action": ["cart", "addressline1"], "action_page": [0, 0]}, {"number_of_pages": 2, "action": ["firstname", "cabin", "ccexpdate"], "action_page": [0, 0, 1]}, {"number_of_pages": 2, "action": ["stayloggedin", "cc", "addressline2"], "action_page": [0, 0, 1]}, {"number_of_pages": 2, "action": ["firstname", "submit", "flighttype"], "action_page": [0, 0, 1]}, {"number_of_pages": 3, "action": ["departuredate", "firstname"], "action_page": [2, 2]}, {"number_of_pages": 2, "action": ["dealmedia", "destinationairport"], "action_page": [1, 1]}, {"number_of_pages": 3, "action": ["lastname"], "action_page": [2]}, {"number_of_pages": 2, "action": ["carousel", "destinationairport", "destinationdate"], "action_page": [0, 0, 1]}, {"number_of_pages": 2, "action": ["fullname", "cccvv", "header"], "action_page": [0, 1, 1]}, {"number_of_pages": 3, "action": ["flighttype", "ccexpdate", "captcha", "destinationairport"], "action_page": [0, 1, 1, 2]}, {"number_of_pages": 3, "action": ["stayloggedin"], "action_page": [1]}, {"number_of_pages": 2, "action": ["navbar", "fullname", "numberofpeople"], "action_page": [0, 0, 1]}, {"number_of_pages": 2, "action": ["addressline2", "stayloggedin", "lastname"], "action_page": [0, 0, 1]}, {"number_of_pages": 2, "action": ["fullname", "dealmedia", "addressline1"], "action_page": [0, 1, 1]}, {"number_of_pages": 2, "action": ["rememberme", "carousel"], "action_page": [1, 1]}, {"number_of_pages": 2, "action": ["rememberme", "fullname"], "action_page": [1, 1]}, {"number_of_pages": 3, "action": ["firstname", "firstname", "state"], "action_page": [0, 1, 2]}, {"number_of_pages": 2, "action": ["fullname", "destinationdate", "lastname"], "action_page": [0, 0, 1]}, {"number_of_pages": 2, "action": ["ccnumber", "numberofpeople", "lastname"], "action_page": [0, 1, 1]}, {"number_of_pages": 2, "action": ["captcha", "firstname", "stayloggedin"], "action_page": [0, 1, 1]}, {"number_of_pages": 2, "action": ["numberofpeople", "destinationdate"], "action_page": [0, 1]}, {"number_of_pages": 1, "action": ["dealmedia", "zipcode"], "action_page": [0, 0]}, {"number_of_pages": 2, "action": ["dealmedia", "flighttype", "addressline2"], "action_page": [0, 0, 1]}, {"number_of_pages": 2, "action": ["ccexpdate", "footer1", "ccnumber"], "action_page": [0, 1, 1]}, {"number_of_pages": 2, "action": ["departureairport", "ccexpdate"], "action_page": [0, 0]}, {"number_of_pages": 2, "action": ["state", "destinationdate", "ccexpdate"], "action_page": [0, 1, 1]}, {"number_of_pages": 2, "action": ["flighttype", "flighttype"], "action_page": [0, 0]}, {"number_of_pages": 1, "action": ["stayloggedin", "cc"], "action_page": [0, 0]}, {"number_of_pages": 1, "action": ["numberofpeople", "password"], "action_page": [0, 0]}, {"number_of_pages": 4, "action": [], "action_page": []}, {"number_of_pages": 1, "action": ["firstname", "city"], "action_page": [0, 0]}, {"number_of_pages": 2, "action": ["destinationairport", "numberofpeople", "ccexpdate"], "action_page": [0, 0, 1]}, {"number_of_pages": 2, "action": ["fullname", "rememberme", "lastname"], "action_page": [0, 0, 1]}, {"number_of_pages": 2, "action": ["password", "lastname"], "action_page": [0, 0]}, {"number_of_pages": 2, "action": ["departuredate", "departureairport"], "action_page": [0, 0]}, {"number_of_pages": 2, "action": ["destinationdate", "departureairport", "destinationdate"], "action_page": [0, 1, 1]}, {"number_of_pages": 2, "action": ["cc", "addressline1"], "action_page": [0, 1]}, {"number_of_pages": 3, "action": ["departuredate", "firstname", "destinationairport", "state"], "action_page": [0, 0, 1, 2]}, {"number_of_pages": 2, "action": ["addressline1", "destinationairport"], "action_page": [1, 1]}, {"number_of_pages": 2, "action": ["cabin", "flighttype"], "action_page": [0, 1]}, {"number_of_pages": 2, "action": ["departuredate", "destinationairport", "numberofpeople"], "action_page": [0, 0, 1]}, {"number_of_pages": 2, "action": ["submit", "username", "destinationdate"], "action_page": [0, 0, 1]}, {"number_of_pages": 2, "action": ["cc", "ccnumber", "submit"], "action_page": [0, 1, 1]}, {"number_of_pages": 2, "action": ["city", "dealmedia", "cabin"], "action_page": [0, 0, 1]}, {"number_of_pages": 2, "action": ["fullname", "departureairport", "city"], "action_page": [0, 1, 1]}, {"number_of_pages": 2, "action": ["zipcode", "firstname", "firstname"], "action_page": [0, 0, 1]}, {"number_of_pages": 2, "action": ["captcha", "captcha", "stayloggedin"], "action_page": [0, 1, 1]}, {"number_of_pages": 2, "action": ["cccvv", "flighttype", "city"], "action_page": [0, 0, 1]}, {"number_of_pages": 2, "action": ["cc", "firstname", "ccexpdate"], "action_page": [0, 0, 1]}, {"number_of_pages": 2, "action": ["username", "submit", "state"], "action_page": [0, 0, 1]}, {"number_of_pages": 1, "action": ["flighttype", "lastname"], "action_page": [0, 0]}, {"number_of_pages": 2, "action": ["numberofpeople", "rememberme"], "action_page": [0, 1]}, {"number_of_pages": 1, "action": ["inpgroup1", "addressline2"], "action_page": [0, 0]}, {"number_of_pages": 2, "action": ["cccvv", "deck", "destinationairport"], "action_page": [0, 0, 1]}, {"number_of_pages": 3, "action": ["stayloggedin", "addressline1", "next_login_page"], "action_page": [1, 2, 2]}, {"number_of_pages": 3, "action": ["flighttype", "zipcode"], "action_page": [1, 2]}, {"number_of_pages": 2, "action": ["password", "lastname", "deck"], "action_page": [0, 1, 1]}, {"number_of_pages": 2, "action": ["zipcode", "username"], "action_page": [0, 0]}, {"number_of_pages": 2, "action": ["ccexpdate", "zipcode", "ccnumber"], "action_page": [0, 0, 1]}, {"number_of_pages": 2, "action": ["username", "cabin", "cc"], "action_page": [0, 0, 1]}, {"number_of_pages": 2, "action": ["captcha", "next_checkout"], "action_page": [0, 0]}, {"number_of_pages": 2, "action": ["addressline2", "departureairport"], "action_page": [0, 1]}, {"number_of_pages": 2, "action": ["destinationairport", "destinationdate", "city"], "action_page": [0, 1, 1]}, {"number_of_pages": 1, "action": ["navbar", "destinationairport"], "action_page": [0, 0]}, {"number_of_pages": 2, "action": ["destinationdate", "dealmedia", "cabin"], "action_page": [0, 0, 1]}, {"number_of_pages": 2, "action": ["addressline1", "destinationairport", "stayloggedin"], "action_page": [0, 0, 1]}, {"number_of_pages": 2, "action": ["numberofpeople", "fullname", "firstname"], "action_page": [0, 1, 1]}, {"number_of_pages": 2, "action": ["password", "cc"], "action_page": [0, 0]}, {"number_of_pages": 2, "action": ["destinationdate", "state"], "action_page": [1, 1]}, {"number_of_pages": 2, "action": ["lastname", "numberofpeople"], "action_page": [1, 1]}, {"number_of_pages": 2, "action": ["state", "inpgroup1", "cccvv"], "action_page": [0, 0, 1]}, {"number_of_pages": 3, "action": ["submit", "departuredate"], "action_page": [1, 1]}, {"number_of_pages": 2, "action": ["flighttype", "next_checkout"], "action_page": [1, 1]}, {"number_of_pages": 2, "action": ["state", "ccnumber", "cabin"], "action_page": [0, 0, 1]}, {"number_of_pages": 1, "action": ["username", "username"], "action_page": [0, 0]}, {"number_of_pages": 2, "action": ["submit", "lastname"], "action_page": [0, 0]}, {"number_of_pages": 1, "action": ["cart", "cccvv"], "action_page": [0, 0]}, {"number_of_pages": 2, "action": ["next_checkout", "captcha"], "action_page": [0, 0]}, {"number_of_pages": 1, "action": ["addressline2", "rememberme"], "action_page": [0, 0]}, {"number_of_pages": 2, "action": ["fullname", "fullname", "cabin"], "action_page": [0, 0, 1]}, {"number_of_pages": 3, "action": ["flighttype", "numberofpeople"], "action_page": [2, 2]}, {"number_of_pages": 2, "action": ["cc", "cc"], "action_page": [0, 1]}, {"number_of_pages": 2, "action": ["city", "destinationairport"], "action_page": [0, 0]}, {"number_of_pages": 2, "action": ["destinationairport", "next_login", "departureairport"], "action_page": [0, 0, 1]}, {"number_of_pages": 2, "action": ["departuredate", "zipcode"], "action_page": [0, 1]}, {"number_of_pages": 2, "action": ["password", "deck", "destinationdate"], "action_page": [0, 0, 1]}, {"number_of_pages": 2, "action": ["addressline1", "cc"], "action_page": [0, 1]}, {"number_of_pages": 2, "action": ["dealmedia", "cc"], "action_page": [0, 0]}, {"number_of_pages": 1, "action": ["destinationairport", "deck"], "action_page": [0, 0]}, {"number_of_pages": 2, "action": ["fullname", "username"], "action_page": [1, 1]}, {"number_of_pages": 1, "action": ["navbar", "city"], "action_page": [0, 0]}, {"number_of_pages": 3, "action": ["ccexpdate", "footer1", "firstname"], "action_page": [0, 1, 1]}, {"number_of_pages": 2, "action": ["footer1", "cccvv", "stayloggedin"], "action_page": [0, 0, 1]}, {"number_of_pages": 3, "action": ["password", "destinationairport"], "action_page": [1, 2]}, {"number_of_pages": 2, "action": ["cabin", "addressline1", "state"], "action_page": [0, 1, 1]}, {"number_of_pages": 1, "action": ["cc", "rememberme"], "action_page": [0, 0]}, {"number_of_pages": 2, "action": ["captcha", "firstname"], "action_page": [0, 0]}, {"number_of_pages": 2, "action": ["rememberme", "rememberme", "numberofpeople"], "action_page": [0, 1, 1]}, {"number_of_pages": 2, "action": ["cabin", "zipcode", "addressline2"], "action_page": [0, 1, 1]}, {"number_of_pages": 2, "action": ["zipcode", "cc", "password"], "action_page": [0, 0, 1]}, {"number_of_pages": 2, "action": ["zipcode", "navbar", "password"], "action_page": [0, 0, 1]}, {"number_of_pages": 2, "action": ["footer1", "cccvv", "cc"], "action_page": [0, 0, 1]}, {"number_of_pages": 2, "action": ["cccvv", "cccvv", "city"], "action_page": [0, 1, 1]}, {"number_of_pages": 2, "action": ["addressline2", "addressline2"], "action_page": [0, 1]}, {"number_of_pages": 2, "action": ["destinationairport", "cccvv"], "action_page": [0, 1]}, {"number_of_pages": 2, "action": ["captcha", "navbar", "departureairport"], "action_page": [0, 0, 1]}, {"number_of_pages": 2, "action": ["departureairport", "captcha"], "action_page": [0, 0]}, {"number_of_pages": 2, "action": ["flighttype", "departuredate", "city"], "action_page": [0, 0, 1]}, {"number_of_pages": 2, "action": ["ccexpdate", "state"], "action_page": [0, 0]}, {"number_of_pages": 1, "action": ["submit", "destinationairport"], "action_page": [0, 0]}, {"number_of_pages": 2, "action": ["zipcode", "destinationdate", "zipcode"], "action_page": [0, 1, 1]}, {"number_of_pages": 2, "action": ["city", "rememberme", "firstname"], "action_page": [0, 0, 1]}, {"number_of_pages": 2, "action": ["ccnumber", "numberofpeople", "stayloggedin"], "action_page": [0, 1, 1]}, {"number_of_pages": 2, "action": ["numberofpeople", "footer1", "rememberme"], "action_page": [0, 1, 1]}, {"number_of_pages": 2, "action": ["stayloggedin", "username", "destinationdate"], "action_page": [0, 1, 1]}, {"number_of_pages": 2, "action": ["zipcode", "state", "cc"], "action_page": [0, 1, 1]}, {"number_of_pages": 2, "action": ["next_login", "rememberme", "firstname"], "action_page": [0, 0, 1]}, {"number_of_pages": 2, "action": ["addressline2", "deck", "username"], "action_page": [0, 1, 1]}, {"number_of_pages": 1, "action": ["next_login", "destinationairport"], "action_page": [0, 0]}, {"number_of_pages": 1, "action": ["zipcode", "username"], "action_page": [0, 0]}, {"number_of_pages": 2, "action": ["ccexpdate", "footer1", "departuredate"], "action_page": [0, 1, 1]}, {"number_of_pages": 2, "action": ["ccnumber", "cabin"], "action_page": [1, 1]}, {"number_of_pages": 2, "action": ["footer1", "ccexpdate"], "action_page": [1, 1]}, {"number_of_pages": 2, "action": ["flighttype", "username"], "action_page": [0, 0]}, {"number_of_pages": 2, "action": ["state", "zipcode", "cart"], "action_page": [0, 1, 1]}, {"number_of_pages": 2, "action": ["departureairport", "state"], "action_page": [1, 1]}, {"number_of_pages": 2, "action": ["flighttype", "rememberme"], "action_page": [0, 1]}, {"number_of_pages": 1, "action": ["next_login", "destinationdate"], "action_page": [0, 0]}, {"number_of_pages": 2, "action": ["state", "cccvv", "numberofpeople"], "action_page": [0, 1, 1]}, {"number_of_pages": 2, "action": ["captcha", "addressline1"], "action_page": [1, 1]}, {"number_of_pages": 2, "action": ["zipcode"], "action_page": [1]}, {"number_of_pages": 2, "action": ["submit", "rememberme", "stayloggedin"], "action_page": [0, 0, 1]}, {"number_of_pages": 1, "action": ["stayloggedin", "footer1"], "action_page": [0, 0]}, {"number_of_pages": 2, "action": ["fullname", "destinationairport", "state"], "action_page": [0, 1, 1]}, {"number_of_pages": 2, "action": ["departureairport", "stayloggedin"], "action_page": [0, 0]}, {"number_of_pages": 2, "action": ["cabin", "flighttype", "cart"], "action_page": [0, 1, 1]}, {"number_of_pages": 2, "action": ["ccnumber", "navbar", "fullname"], "action_page": [0, 1, 1]}, {"number_of_pages": 3, "action": ["password", "state", "ccexpdate"], "action_page": [0, 1, 2]}, {"number_of_pages": 2, "action": ["state", "dealmedia", "captcha"], "action_page": [0, 0, 1]}, {"number_of_pages": 2, "action": ["captcha", "stayloggedin", "stayloggedin"], "action_page": [0, 0, 1]}, {"number_of_pages": 2, "action": ["departuredate", "flighttype", "city"], "action_page": [0, 0, 1]}, {"number_of_pages": 2, "action": ["destinationdate", "cabin", "cabin"], "action_page": [0, 1, 1]}, {"number_of_pages": 2, "action": ["zipcode", "cccvv", "captcha"], "action_page": [0, 0, 1]}, {"number_of_pages": 3, "action": ["next_checkout", "username", "rememberme"], "action_page": [1, 1, 2]}, {"number_of_pages": 2, "action": ["inpgroup1", "stayloggedin"], "action_page": [1, 1]}, {"number_of_pages": 2, "action": ["dealmedia", "state"], "action_page": [1, 1]}, {"number_of_pages": 2, "action": ["captcha", "cabin", "inpgroup1"], "action_page": [0, 1, 1]}, {"number_of_pages": 2, "action": ["zipcode", "state"], "action_page": [0, 0]}, {"number_of_pages": 2, "action": ["firstname", "numberofpeople"], "action_page": [0, 0]}, {"number_of_pages": 1, "action": ["rememberme", "password"], "action_page": [0, 0]}, {"number_of_pages": 2, "action": ["footer1", "cc"], "action_page": [0, 0]}, {"number_of_pages": 2, "action": ["password", "stayloggedin", "addressline2"], "action_page": [0, 0, 1]}, {"number_of_pages": 2, "action": ["flighttype", "destinationdate"], "action_page": [1, 1]}, {"number_of_pages": 3, "action": ["cccvv", "next_checkout", "addressline2"], "action_page": [1, 1, 2]}, {"number_of_pages": 2, "action": ["cccvv", "footer1", "departuredate"], "action_page": [0, 0, 1]}, {"number_of_pages": 2, "action": ["ccexpdate", "cabin", "destinationairport"], "action_page": [0, 0, 1]}, {"number_of_pages": 2, "action": ["numberofpeople", "lastname"], "action_page": [1, 1]}, {"number_of_pages": 2, "action": ["departuredate", "flighttype", "cabin"], "action_page": [0, 0, 1]}, {"number_of_pages": 2, "action": ["flighttype", "next_checkout", "addressline2"], "action_page": [0, 0, 1]}, {"number_of_pages": 1, "action": ["zipcode", "cabin"], "action_page": [0, 0]}, {"number_of_pages": 2, "action": ["departuredate", "cc", "ccexpdate"], "action_page": [0, 0, 1]}, {"number_of_pages": 2, "action": ["departureairport", "cabin", "firstname"], "action_page": [0, 1, 1]}, {"number_of_pages": 3, "action": ["next_login", "password"], "action_page": [2, 2]}, {"number_of_pages": 2, "action": ["dealmedia", "password", "ccnumber"], "action_page": [0, 0, 1]}, {"number_of_pages": 2, "action": ["ccnumber", "flighttype", "ccnumber"], "action_page": [0, 0, 1]}, {"number_of_pages": 1, "action": ["addressline2", "departureairport"], "action_page": [0, 0]}, {"number_of_pages": 2, "action": ["city", "lastname"], "action_page": [1, 1]}, {"number_of_pages": 2, "action": ["inpgroup1", "addressline1", "departuredate"], "action_page": [0, 0, 1]}, {"number_of_pages": 2, "action": ["cabin", "footer1", "departuredate"], "action_page": [0, 1, 1]}, {"number_of_pages": 2, "action": ["stayloggedin", "username"], "action_page": [1, 1]}, {"number_of_pages": 2, "action": ["forgotusername", "addressline1", "username"], "action_page": [0, 0, 1]}, {"number_of_pages": 2, "action": ["addressline1", "cc"], "action_page": [0, 0]}, {"number_of_pages": 2, "action": ["footer1", "cccvv", "departureairport"], "action_page": [0, 0, 1]}, {"number_of_pages": 1, "action": ["stayloggedin", "navbar"], "action_page": [0, 0]}, {"number_of_pages": 2, "action": ["numberofpeople", "destinationairport", "departureairport"], "action_page": [0, 1, 1]}, {"number_of_pages": 3, "action": ["username", "state", "password", "cccvv"], "action_page": [0, 0, 1, 2]}, {"number_of_pages": 1, "action": ["destinationdate", "username"], "action_page": [0, 0]}, {"number_of_pages": 2, "action": ["state", "departuredate", "ccexpdate"], "action_page": [0, 0, 1]}, {"number_of_pages": 2, "action": ["submit", "ccexpdate", "stayloggedin"], "action_page": [0, 0, 1]}, {"number_of_pages": 3, "action": ["firstname", "ccexpdate"], "action_page": [0, 1]}, {"number_of_pages": 2, "action": ["dealmedia", "departureairport", "departuredate"], "action_page": [0, 0, 1]}, {"number_of_pages": 1, "action": ["destinationdate", "dealmedia"], "action_page": [0, 0]}, {"number_of_pages": 2, "action": ["captcha", "ccnumber"], "action_page": [0, 1]}, {"number_of_pages": 2, "action": ["numberofpeople", "username"], "action_page": [0, 0]}, {"number_of_pages": 3, "action": ["cccvv", "zipcode"], "action_page": [0, 0]}, {"number_of_pages": 1, "action": ["navbar", "ccnumber"], "action_page": [0, 0]}, {"number_of_pages": 2, "action": ["navbar", "password", "username"], "action_page": [0, 0, 1]}, {"number_of_pages": 1, "action": ["stayloggedin", "submit"], "action_page": [0, 0]}, {"number_of_pages": 2, "action": ["numberofpeople", "header_select_items", "addressline1"], "action_page": [0, 1, 1]}, {"number_of_pages": 2, "action": ["cccvv", "cart", "destinationairport"], "action_page": [0, 0, 1]}, {"number_of_pages": 3, "action": ["destinationairport"], "action_page": [0]}, {"number_of_pages": 1, "action": ["footer1", "password"], "action_page": [0, 0]}, {"number_of_pages": 3, "action": ["departureairport", "departuredate", "cabin"], "action_page": [0, 1, 2]}, {"number_of_pages": 2, "action": ["ccexpdate", "destinationdate", "numberofpeople"], "action_page": [0, 1, 1]}, {"number_of_pages": 2, "action": ["addressline1", "fullname", "password"], "action_page": [0, 1, 1]}, {"number_of_pages": 2, "action": ["rememberme", "cabin"], "action_page": [0, 1]}, {"number_of_pages": 2, "action": ["stayloggedin", "fullname", "cc"], "action_page": [0, 0, 1]}, {"number_of_pages": 2, "action": ["addressline1", "lastname", "addressline1"], "action_page": [0, 1, 1]}, {"number_of_pages": 2, "action": ["ccexpdate", "captcha"], "action_page": [1, 1]}, {"number_of_pages": 2, "action": ["destinationairport", "ccnumber", "password"], "action_page": [0, 0, 1]}, {"number_of_pages": 2, "action": ["username", "submit", "lastname"], "action_page": [0, 1, 1]}, {"number_of_pages": 2, "action": ["numberofpeople", "password", "zipcode"], "action_page": [0, 0, 1]}, {"number_of_pages": 2, "action": ["stayloggedin", "addressline2", "cccvv"], "action_page": [0, 0, 1]}, {"number_of_pages": 2, "action": ["destinationairport", "submit", "lastname"], "action_page": [0, 0, 1]}, {"number_of_pages": 3, "action": ["deck", "username"], "action_page": [1, 1]}, {"number_of_pages": 2, "action": ["ccexpdate", "firstname"], "action_page": [0, 1]}, {"number_of_pages": 2, "action": ["destinationairport", "inpgroup1", "ccnumber"], "action_page": [0, 1, 1]}, {"number_of_pages": 2, "action": ["ccexpdate", "cccvv", "captcha"], "action_page": [0, 0, 1]}, {"number_of_pages": 2, "action": ["submit", "lastname", "destinationdate"], "action_page": [0, 0, 1]}, {"number_of_pages": 3, "action": ["inpgroup1", "zipcode", "departuredate"], "action_page": [0, 0, 2]}, {"number_of_pages": 1, "action": ["addressline2", "addressline1"], "action_page": [0, 0]}, {"number_of_pages": 2, "action": ["state", "password", "cart"], "action_page": [0, 1, 1]}, {"number_of_pages": 2, "action": ["fullname", "fullname"], "action_page": [0, 0]}, {"number_of_pages": 2, "action": ["addressline1", "flighttype", "destinationdate"], "action_page": [0, 0, 1]}, {"number_of_pages": 2, "action": ["flighttype", "footer1", "departureairport"], "action_page": [0, 1, 1]}, {"number_of_pages": 1, "action": ["header", "stayloggedin"], "action_page": [0, 0]}, {"number_of_pages": 1, "action": ["ccexpdate", "destinationdate"], "action_page": [0, 0]}, {"number_of_pages": 5, "action": ["fullname", "flighttype", "city", "firstname", "departuredate"], "action_page": [0, 1, 1, 2, 4]}, {"number_of_pages": 1, "action": ["numberofpeople", "rememberme"], "action_page": [0, 0]}, {"number_of_pages": 2, "action": ["lastname", "carousel", "fullname"], "action_page": [0, 0, 1]}, {"number_of_pages": 1, "action": ["city", "flighttype"], "action_page": [0, 0]}, {"number_of_pages": 2, "action": ["addressline1", "cart", "captcha"], "action_page": [0, 0, 1]}, {"number_of_pages": 3, "action": ["departureairport", "cabin", "zipcode"], "action_page": [0, 0, 2]}, {"number_of_pages": 2, "action": ["cabin", "addressline1"], "action_page": [0, 1]}, {"number_of_pages": 2, "action": ["navbar", "destinationairport", "destinationairport"], "action_page": [0, 0, 1]}, {"number_of_pages": 2, "action": ["dealmedia", "lastname", "zipcode"], "action_page": [0, 0, 1]}, {"number_of_pages": 2, "action": ["flighttype", "header", "zipcode"], "action_page": [0, 0, 1]}, {"number_of_pages": 2, "action": ["rememberme", "city", "fullname"], "action_page": [0, 0, 1]}, {"number_of_pages": 2, "action": ["cccvv", "cccvv"], "action_page": [0, 0]}, {"number_of_pages": 2, "action": ["departureairport", "cc"], "action_page": [0, 1]}, {"number_of_pages": 1, "action": ["cc", "captcha"], "action_page": [0, 0]}, {"number_of_pages": 2, "action": ["lastname", "lastname", "footer1"], "action_page": [0, 1, 1]}, {"number_of_pages": 2, "action": ["header", "destinationairport", "ccnumber"], "action_page": [0, 0, 1]}, {"number_of_pages": 2, "action": ["cc", "cc", "cart"], "action_page": [0, 1, 1]}, {"number_of_pages": 2, "action": ["addressline1", "addressline2", "stayloggedin"], "action_page": [0, 1, 1]}, {"number_of_pages": 1, "action": ["stayloggedin", "cart"], "action_page": [0, 0]}, {"number_of_pages": 2, "action": ["username", "username", "departuredate"], "action_page": [0, 1, 1]}, {"number_of_pages": 2, "action": ["numberofpeople", "addressline2", "firstname"], "action_page": [0, 0, 1]}, {"number_of_pages": 2, "action": ["captcha", "username"], "action_page": [1, 1]}, {"number_of_pages": 2, "action": ["firstname", "firstname"], "action_page": [1, 1]}, {"number_of_pages": 2, "action": ["firstname", "submit", "captcha"], "action_page": [0, 1, 1]}, {"number_of_pages": 2, "action": ["cabin", "cccvv"], "action_page": [1, 1]}, {"number_of_pages": 2, "action": ["password", "header"], "action_page": [1, 1]}, {"number_of_pages": 2, "action": ["username", "rememberme"], "action_page": [0, 1]}, {"number_of_pages": 2, "action": ["numberofpeople", "rememberme", "flighttype"], "action_page": [0, 1, 1]}, {"number_of_pages": 2, "action": ["addressline1", "cart", "flighttype"], "action_page": [0, 1, 1]}, {"number_of_pages": 2, "action": ["stayloggedin", "footer1", "ccnumber"], "action_page": [0, 0, 1]}, {"number_of_pages": 1, "action": ["departuredate", "departureairport"], "action_page": [0, 0]}, {"number_of_pages": 1, "action": ["firstname", "destinationairport"], "action_page": [0, 0]}, {"number_of_pages": 2, "action": ["zipcode", "next_checkout", "destinationairport"], "action_page": [0, 0, 1]}, {"number_of_pages": 2, "action": ["destinationdate", "inpgroup1", "fullname"], "action_page": [0, 1, 1]}, {"number_of_pages": 1, "action": ["navbar", "cc"], "action_page": [0, 0]}, {"number_of_pages": 2, "action": ["firstname", "ccexpdate", "firstname"], "action_page": [0, 1, 1]}, {"number_of_pages": 2, "action": ["ccexpdate", "cc"], "action_page": [1, 1]}, {"number_of_pages": 1, "action": ["submit", "stayloggedin"], "action_page": [0, 0]}, {"number_of_pages": 3, "action": ["departuredate", "addressline2"], "action_page": [1, 2]}, {"number_of_pages": 2, "action": ["cart", "captcha", "ccexpdate"], "action_page": [0, 0, 1]}, {"number_of_pages": 2, "action": ["destinationairport", "ccnumber", "navbar"], "action_page": [0, 1, 1]}, {"number_of_pages": 3, "action": ["rememberme", "captcha"], "action_page": [2, 2]}, {"number_of_pages": 3, "action": ["username", "username"], "action_page": [0, 0]}, {"number_of_pages": 2, "action": ["inpgroup1", "addressline1"], "action_page": [1, 1]}, {"number_of_pages": 1, "action": ["departuredate", "footer1"], "action_page": [0, 0]}, {"number_of_pages": 2, "action": ["departuredate", "firstname"], "action_page": [1, 1]}, {"number_of_pages": 2, "action": ["password", "departuredate"], "action_page": [0, 0]}, {"number_of_pages": 3, "action": ["city", "departureairport"], "action_page": [2, 2]}, {"number_of_pages": 1, "action": ["stayloggedin", "flighttype"], "action_page": [0, 0]}, {"number_of_pages": 2, "action": ["destinationairport", "addressline2", "destinationairport"], "action_page": [0, 1, 1]}, {"number_of_pages": 2, "action": ["flighttype", "password", "destinationdate"], "action_page": [0, 0, 1]}, {"number_of_pages": 3, "action": ["cc", "dealmedia", "cccvv"], "action_page": [0, 0, 1]}, {"number_of_pages": 2, "action": ["zipcode", "state", "ccexpdate"], "action_page": [0, 1, 1]}, {"number_of_pages": 1, "action": ["next_checkout", "flighttype"], "action_page": [0, 0]}, {"number_of_pages": 2, "action": ["password", "flighttype", "flighttype"], "action_page": [0, 0, 1]}, {"number_of_pages": 2, "action": ["city", "addressline1", "next_login_page"], "action_page": [0, 1, 1]}, {"number_of_pages": 2, "action": ["stayloggedin", "addressline2"], "action_page": [1, 1]}, {"number_of_pages": 3, "action": ["stayloggedin", "cccvv", "cccvv"], "action_page": [1, 2, 2]}, {"number_of_pages": 2, "action": ["cc", "rememberme"], "action_page": [0, 0]}, {"number_of_pages": 2, "action": ["fullname", "numberofpeople"], "action_page": [0, 1]}, {"number_of_pages": 2, "action": ["departuredate", "username", "password"], "action_page": [0, 0, 1]}, {"number_of_pages": 2, "action": ["state", "dealmedia"], "action_page": [0, 0]}, {"number_of_pages": 1, "action": ["numberofpeople", "destinationdate"], "action_page": [0, 0]}, {"number_of_pages": 1, "action": ["fullname", "rememberme"], "action_page": [0, 0]}, {"number_of_pages": 2, "action": ["username", "carousel"], "action_page": [0, 0]}, {"number_of_pages": 2, "action": ["deck", "lastname"], "action_page": [0, 0]}, {"number_of_pages": 2, "action": ["stayloggedin", "navbar"], "action_page": [1, 1]}, {"number_of_pages": 3, "action": ["cccvv", "lastname"], "action_page": [0, 2]}, {"number_of_pages": 2, "action": ["city", "addressline2"], "action_page": [0, 0]}, {"number_of_pages": 2, "action": ["username", "header"], "action_page": [0, 0]}, {"number_of_pages": 2, "action": ["fullname", "departuredate", "addressline2"], "action_page": [0, 0, 1]}, {"number_of_pages": 2, "action": ["fullname", "submit", "city"], "action_page": [0, 1, 1]}, {"number_of_pages": 2, "action": ["password", "city", "state"], "action_page": [0, 1, 1]}, {"number_of_pages": 2, "action": ["destinationairport", "cccvv"], "action_page": [1, 1]}, {"number_of_pages": 2, "action": ["firstname", "destinationairport"], "action_page": [0, 1]}, {"number_of_pages": 2, "action": ["zipcode", "deck", "firstname"], "action_page": [0, 1, 1]}, {"number_of_pages": 2, "action": ["departuredate", "cc", "footer1"], "action_page": [0, 1, 1]}, {"number_of_pages": 3, "action": ["cabin", "addressline1", "captcha"], "action_page": [0, 0, 2]}, {"number_of_pages": 2, "action": ["firstname", "username"], "action_page": [1, 1]}, {"number_of_pages": 2, "action": ["cccvv", "next_checkout"], "action_page": [1, 1]}, {"number_of_pages": 2, "action": ["header", "rememberme"], "action_page": [1, 1]}, {"number_of_pages": 2, "action": ["destinationairport", "submit", "username"], "action_page": [0, 1, 1]}, {"number_of_pages": 2, "action": ["lastname", "destinationdate", "cc"], "action_page": [0, 1, 1]}, {"number_of_pages": 1, "action": ["city", "dealmedia"], "action_page": [0, 0]}, {"number_of_pages": 2, "action": ["password", "cccvv"], "action_page": [0, 1]}, {"number_of_pages": 2, "action": ["fullname", "addressline1", "carousel"], "action_page": [0, 1, 1]}, {"number_of_pages": 2, "action": ["cc", "flighttype", "departuredate"], "action_page": [0, 1, 1]}, {"number_of_pages": 2, "action": ["password", "zipcode"], "action_page": [1, 1]}, {"number_of_pages": 2, "action": ["dealmedia", "firstname", "cccvv"], "action_page": [0, 0, 1]}, {"number_of_pages": 1, "action": ["password", "stayloggedin"], "action_page": [0, 0]}, {"number_of_pages": 2, "action": ["addressline2", "cabin", "password"], "action_page": [0, 1, 1]}, {"number_of_pages": 2, "action": ["firstname", "firstname", "fullname"], "action_page": [0, 0, 1]}, {"number_of_pages": 2, "action": ["cccvv", "numberofpeople", "username"], "action_page": [0, 0, 1]}, {"number_of_pages": 1, "action": ["captcha", "captcha"], "action_page": [0, 0]}, {"number_of_pages": 2, "action": ["state", "addressline2", "state"], "action_page": [0, 1, 1]}, {"number_of_pages": 2, "action": ["departuredate", "zipcode", "rememberme"], "action_page": [0, 1, 1]}, {"number_of_pages": 2, "action": ["firstname", "dealmedia", "departuredate"], "action_page": [0, 1, 1]}, {"number_of_pages": 2, "action": ["footer1", "city", "stayloggedin"], "action_page": [0, 0, 1]}, {"number_of_pages": 2, "action": ["cabin", "rememberme"], "action_page": [0, 1]}, {"number_of_pages": 2, "action": ["cabin", "flighttype"], "action_page": [0, 0]}, {"number_of_pages": 2, "action": ["zipcode", "navbar"], "action_page": [1, 1]}, {"number_of_pages": 2, "action": ["firstname", "destinationdate", "username"], "action_page": [0, 1, 1]}, {"number_of_pages": 3, "action": ["username", "cc"], "action_page": [1, 2]}, {"number_of_pages": 2, "action": ["cc", "firstname", "destinationdate"], "action_page": [0, 0, 1]}, {"number_of_pages": 2, "action": ["flighttype", "rememberme"], "action_page": [0, 0]}, {"number_of_pages": 3, "action": ["city", "ccexpdate", "ccexpdate"], "action_page": [0, 2, 2]}, {"number_of_pages": 2, "action": ["destinationdate", "destinationdate", "stayloggedin"], "action_page": [0, 0, 1]}, {"number_of_pages": 2, "action": ["numberofpeople", "ccnumber"], "action_page": [0, 0]}, {"number_of_pages": 2, "action": ["city", "cc"], "action_page": [1, 1]}, {"number_of_pages": 2, "action": ["state", "departuredate"], "action_page": [1, 1]}, {"number_of_pages": 2, "action": ["rememberme", "addressline1", "deck"], "action_page": [0, 1, 1]}, {"number_of_pages": 2, "action": ["state", "cccvv"], "action_page": [0, 1]}, {"number_of_pages": 2, "action": ["destinationdate", "submit"], "action_page": [1, 1]}, {"number_of_pages": 2, "action": ["ccexpdate", "rememberme", "captcha"], "action_page": [0, 0, 1]}, {"number_of_pages": 2, "action": ["firstname", "captcha"], "action_page": [0, 0]}, {"number_of_pages": 3, "action": ["rememberme", "next_checkout"], "action_page": [2, 2]}, {"number_of_pages": 2, "action": ["destinationairport", "fullname"], "action_page": [0, 1]}, {"number_of_pages": 2, "action": ["firstname", "firstname"], "action_page": [0, 0]}, {"number_of_pages": 2, "action": ["firstname", "destinationairport", "departureairport"], "action_page": [0, 0, 1]}, {"number_of_pages": 2, "action": ["lastname", "ccnumber"], "action_page": [0, 0]}, {"number_of_pages": 1, "action": ["firstname", "deck"], "action_page": [0, 0]}, {"number_of_pages": 3, "action": ["firstname", "departureairport"], "action_page": [0, 0]}, {"number_of_pages": 2, "action": ["captcha", "stayloggedin", "cart"], "action_page": [0, 1, 1]}, {"number_of_pages": 2, "action": ["departureairport", "ccexpdate", "city"], "action_page": [0, 1, 1]}, {"number_of_pages": 2, "action": ["cabin", "city", "addressline1"], "action_page": [0, 1, 1]}, {"number_of_pages": 3, "action": ["destinationairport", "cc", "next_checkout"], "action_page": [1, 2, 2]}, {"number_of_pages": 2, "action": ["firstname", "ccexpdate", "departuredate"], "action_page": [0, 0, 1]}, {"number_of_pages": 1, "action": ["addressline1", "submit"], "action_page": [0, 0]}, {"number_of_pages": 2, "action": ["flighttype", "navbar"], "action_page": [0, 0]}, {"number_of_pages": 3, "action": ["departuredate", "flighttype", "rememberme"], "action_page": [0, 0, 2]}, {"number_of_pages": 2, "action": ["numberofpeople", "next_checkout", "cc"], "action_page": [0, 1, 1]}, {"number_of_pages": 2, "action": ["state", "navbar"], "action_page": [0, 0]}, {"number_of_pages": 2, "action": ["addressline1", "state"], "action_page": [0, 1]}, {"number_of_pages": 1, "action": ["cabin", "lastname"], "action_page": [0, 0]}, {"number_of_pages": 2, "action": ["destinationdate", "numberofpeople", "firstname"], "action_page": [0, 0, 1]}, {"number_of_pages": 2, "action": ["captcha", "cc", "dealmedia"], "action_page": [0, 1, 1]}, {"number_of_pages": 2, "action": ["firstname", "ccnumber", "captcha"], "action_page": [0, 1, 1]}, {"number_of_pages": 3, "action": ["departuredate", "header", "cccvv"], "action_page": [1, 2, 2]}, {"number_of_pages": 2, "action": ["departureairport", "departureairport", "rememberme"], "action_page": [0, 0, 1]}, {"number_of_pages": 2, "action": ["departuredate", "cabin", "addressline2"], "action_page": [0, 1, 1]}, {"number_of_pages": 1, "action": ["ccnumber", "addressline2"], "action_page": [0, 0]}, {"number_of_pages": 2, "action": ["lastname", "addressline2", "ccnumber"], "action_page": [0, 0, 1]}, {"number_of_pages": 2, "action": ["city", "departureairport"], "action_page": [0, 0]}, {"number_of_pages": 2, "action": ["cccvv", "city", "footer1"], "action_page": [0, 1, 1]}, {"number_of_pages": 1, "action": ["stayloggedin", "next_checkout"], "action_page": [0, 0]}, {"number_of_pages": 2, "action": ["addressline2", "cccvv", "captcha"], "action_page": [0, 1, 1]}, {"number_of_pages": 3, "action": ["stayloggedin", "departureairport"], "action_page": [0, 0]}, {"number_of_pages": 2, "action": ["firstname", "destinationairport", "cc"], "action_page": [0, 0, 1]}, {"number_of_pages": 2, "action": ["addressline1", "ccnumber", "destinationairport"], "action_page": [0, 1, 1]}, {"number_of_pages": 2, "action": ["rememberme", "dealmedia"], "action_page": [0, 0]}, {"number_of_pages": 1, "action": ["departureairport", "addressline2"], "action_page": [0, 0]}, {"number_of_pages": 2, "action": ["lastname", "firstname", "ccexpdate"], "action_page": [0, 1, 1]}, {"number_of_pages": 3, "action": ["carousel", "username"], "action_page": [0, 0]}, {"number_of_pages": 3, "action": ["state", "password", "ccnumber"], "action_page": [1, 2, 2]}, {"number_of_pages": 2, "action": ["departureairport", "cc", "next_login"], "action_page": [0, 1, 1]}, {"number_of_pages": 1, "action": ["next_login", "zipcode"], "action_page": [0, 0]}, {"number_of_pages": 3, "action": ["numberofpeople", "addressline1"], "action_page": [0, 2]}, {"number_of_pages": 2, "action": ["zipcode", "fullname", "cabin"], "action_page": [0, 0, 1]}, {"number_of_pages": 2, "action": ["ccnumber", "stayloggedin", "zipcode"], "action_page": [0, 1, 1]}, {"number_of_pages": 2, "action": ["state", "destinationdate", "cabin"], "action_page": [0, 1, 1]}, {"number_of_pages": 1, "action": ["destinationdate", "inpgroup1"], "action_page": [0, 0]}, {"number_of_pages": 2, "action": ["firstname", "rememberme", "city"], "action_page": [0, 0, 1]}, {"number_of_pages": 2, "action": ["cc", "submit"], "action_page": [1, 1]}, {"number_of_pages": 2, "action": ["addressline1", "firstname"], "action_page": [0, 1]}, {"number_of_pages": 2, "action": ["username", "password"], "action_page": [1, 1]}, {"number_of_pages": 2, "action": ["stayloggedin", "addressline1"], "action_page": [0, 0]}, {"number_of_pages": 2, "action": ["ccexpdate", "destinationdate", "addressline2"], "action_page": [0, 1, 1]}, {"number_of_pages": 2, "action": ["footer1", "city", "addressline1"], "action_page": [0, 0, 1]}, {"number_of_pages": 2, "action": ["ccnumber", "lastname", "password"], "action_page": [0, 1, 1]}, {"number_of_pages": 2, "action": ["addressline2", "fullname", "ccexpdate"], "action_page": [0, 0, 1]}, {"number_of_pages": 2, "action": ["city", "stayloggedin"], "action_page": [0, 1]}, {"number_of_pages": 2, "action": ["ccnumber", "navbar"], "action_page": [1, 1]}, {"number_of_pages": 2, "action": ["zipcode", "zipcode", "cccvv"], "action_page": [0, 0, 1]}, {"number_of_pages": 1, "action": ["header", "cc"], "action_page": [0, 0]}, {"number_of_pages": 2, "action": ["submit", "password"], "action_page": [1, 1]}, {"number_of_pages": 2, "action": ["city", "stayloggedin", "departureairport"], "action_page": [0, 1, 1]}, {"number_of_pages": 3, "action": ["state", "state", "ccnumber"], "action_page": [0, 0, 1]}, {"number_of_pages": 2, "action": ["lastname", "rememberme", "state"], "action_page": [0, 1, 1]}, {"number_of_pages": 3, "action": ["captcha", "addressline2", "destinationdate"], "action_page": [0, 2, 2]}, {"number_of_pages": 3, "action": ["zipcode", "captcha", "flighttype"], "action_page": [1, 2, 2]}, {"number_of_pages": 2, "action": ["flighttype", "numberofpeople"], "action_page": [0, 1]}, {"number_of_pages": 2, "action": ["addressline2", "footer1", "city"], "action_page": [0, 1, 1]}, {"number_of_pages": 2, "action": ["dealmedia", "fullname"], "action_page": [1, 1]}, {"number_of_pages": 1, "action": ["password", "username"], "action_page": [0, 0]}, {"number_of_pages": 2, "action": ["numberofpeople", "addressline2"], "action_page": [0, 1]}, {"number_of_pages": 3, "action": ["password", "lastname", "rememberme"], "action_page": [0, 1, 2]}, {"number_of_pages": 2, "action": ["firstname", "inpgroup1", "username"], "action_page": [0, 0, 1]}, {"number_of_pages": 2, "action": ["next_login_page", "addressline1"], "action_page": [0, 0]}, {"number_of_pages": 1, "action": ["cabin", "addressline2"], "action_page": [0, 0]}, {"number_of_pages": 2, "action": ["navbar", "addressline2"], "action_page": [1, 1]}, {"number_of_pages": 2, "action": ["ccnumber", "rememberme", "username"], "action_page": [0, 0, 1]}, {"number_of_pages": 2, "action": ["flighttype", "departureairport", "rememberme"], "action_page": [0, 1, 1]}, {"number_of_pages": 1, "action": ["next_login_page", "addressline1"], "action_page": [0, 0]}, {"number_of_pages": 2, "action": ["destinationairport", "destinationairport"], "action_page": [0, 1]}, {"number_of_pages": 2, "action": ["numberofpeople", "fullname", "navbar"], "action_page": [0, 1, 1]}, {"number_of_pages": 1, "action": ["stayloggedin"], "action_page": [0]}, {"number_of_pages": 2, "action": ["destinationairport", "destinationairport", "flighttype"], "action_page": [0, 0, 1]}, {"number_of_pages": 2, "action": ["city", "rememberme"], "action_page": [0, 1]}, {"number_of_pages": 3, "action": ["cccvv"], "action_page": [2]}, {"number_of_pages": 2, "action": ["numberofpeople"], "action_page": [0]}, {"number_of_pages": 2, "action": ["ccexpdate", "flighttype", "state"], "action_page": [0, 1, 1]}, {"number_of_pages": 2, "action": ["fullname", "navbar", "captcha"], "action_page": [0, 1, 1]}, {"number_of_pages": 2, "action": ["submit", "firstname", "departuredate"], "action_page": [0, 0, 1]}, {"number_of_pages": 1, "action": ["cccvv", "stayloggedin"], "action_page": [0, 0]}, {"number_of_pages": 2, "action": ["rememberme", "cabin"], "action_page": [1, 1]}, {"number_of_pages": 1, "action": ["zipcode", "zipcode"], "action_page": [0, 0]}, {"number_of_pages": 3, "action": ["state", "departureairport", "zipcode"], "action_page": [0, 0, 1]}, {"number_of_pages": 2, "action": ["cc", "cccvv", "flighttype"], "action_page": [0, 0, 1]}, {"number_of_pages": 3, "action": ["stayloggedin", "carousel", "rememberme", "city"], "action_page": [0, 0, 1, 2]}, {"number_of_pages": 2, "action": ["cccvv", "carousel", "ccexpdate"], "action_page": [0, 0, 1]}, {"number_of_pages": 3, "action": ["destinationdate", "zipcode"], "action_page": [1, 1]}, {"number_of_pages": 2, "action": ["departuredate", "addressline2"], "action_page": [1, 1]}, {"number_of_pages": 2, "action": ["lastname", "footer1", "lastname"], "action_page": [0, 0, 1]}, {"number_of_pages": 2, "action": ["captcha", "cccvv", "firstname"], "action_page": [0, 1, 1]}, {"number_of_pages": 1, "action": ["fullname", "dealmedia"], "action_page": [0, 0]}, {"number_of_pages": 2, "action": ["lastname", "fullname", "captcha"], "action_page": [0, 0, 1]}, {"number_of_pages": 1, "action": ["numberofpeople", "cabin"], "action_page": [0, 0]}, {"number_of_pages": 2, "action": ["cccvv", "username"], "action_page": [0, 0]}, {"number_of_pages": 2, "action": ["deck", "cc"], "action_page": [1, 1]}, {"number_of_pages": 2, "action": ["navbar", "destinationdate"], "action_page": [0, 0]}, {"number_of_pages": 3, "action": ["dealmedia", "cc", "ccnumber", "departureairport"], "action_page": [0, 0, 1, 2]}, {"number_of_pages": 1, "action": ["destinationdate", "password"], "action_page": [0, 0]}, {"number_of_pages": 2, "action": ["inpgroup1", "cabin", "cc"], "action_page": [0, 0, 1]}, {"number_of_pages": 2, "action": ["cabin", "ccnumber"], "action_page": [0, 0]}, {"number_of_pages": 2, "action": ["state", "cc"], "action_page": [0, 1]}, {"number_of_pages": 2, "action": ["state", "inpgroup1"], "action_page": [0, 0]}, {"number_of_pages": 2, "action": ["numberofpeople", "fullname"], "action_page": [0, 1]}, {"number_of_pages": 2, "action": ["departureairport", "fullname"], "action_page": [0, 0]}, {"number_of_pages": 2, "action": ["username", "captcha", "rememberme"], "action_page": [0, 1, 1]}, {"number_of_pages": 2, "action": ["ccexpdate", "firstname"], "action_page": [1, 1]}, {"number_of_pages": 2, "action": ["carousel", "addressline1", "destinationdate"], "action_page": [0, 0, 1]}, {"number_of_pages": 2, "action": ["inpgroup1", "password", "lastname"], "action_page": [0, 0, 1]}, {"number_of_pages": 2, "action": ["destinationairport", "fullname"], "action_page": [0, 0]}, {"number_of_pages": 2, "action": ["lastname", "city"], "action_page": [0, 1]}, {"number_of_pages": 2, "action": ["destinationdate", "fullname"], "action_page": [0, 1]}, {"number_of_pages": 3, "action": ["password", "rememberme"], "action_page": [1, 2]}, {"number_of_pages": 2, "action": ["cabin", "cc", "cc"], "action_page": [0, 0, 1]}, {"number_of_pages": 2, "action": ["firstname", "city"], "action_page": [0, 0]}, {"number_of_pages": 1, "action": ["firstname", "ccexpdate"], "action_page": [0, 0]}, {"number_of_pages": 2, "action": ["state", "firstname"], "action_page": [0, 0]}, {"number_of_pages": 2, "action": ["password", "zipcode"], "action_page": [0, 0]}, {"number_of_pages": 2, "action": ["departureairport", "ccexpdate", "destinationairport"], "action_page": [0, 0, 1]}, {"number_of_pages": 2, "action": ["header", "username"], "action_page": [0, 0]}, {"number_of_pages": 2, "action": ["ccnumber", "password"], "action_page": [0, 1]}, {"number_of_pages": 2, "action": ["fullname", "zipcode"], "action_page": [0, 1]}, {"number_of_pages": 2, "action": ["cccvv", "next_login", "cccvv"], "action_page": [0, 1, 1]}, {"number_of_pages": 1, "action": ["firstname", "navbar"], "action_page": [0, 0]}, {"number_of_pages": 2, "action": ["cc", "submit", "cabin"], "action_page": [0, 0, 1]}, {"number_of_pages": 1, "action": ["password", "state"], "action_page": [0, 0]}, {"number_of_pages": 2, "action": ["password", "lastname", "destinationdate"], "action_page": [0, 0, 1]}, {"number_of_pages": 2, "action": ["fullname", "fullname", "captcha"], "action_page": [0, 1, 1]}, {"number_of_pages": 2, "action": ["username", "stayloggedin"], "action_page": [1, 1]}, {"number_of_pages": 2, "action": ["zipcode", "ccexpdate"], "action_page": [1, 1]}, {"number_of_pages": 1, "action": ["addressline2", "cccvv"], "action_page": [0, 0]}, {"number_of_pages": 2, "action": ["next_checkout", "destinationdate", "state"], "action_page": [0, 0, 1]}, {"number_of_pages": 2, "action": ["ccnumber", "departuredate", "stayloggedin"], "action_page": [0, 1, 1]}, {"number_of_pages": 1, "action": ["city", "city"], "action_page": [0, 0]}, {"number_of_pages": 2, "action": ["captcha", "firstname", "firstname"], "action_page": [0, 1, 1]}, {"number_of_pages": 2, "action": ["username", "ccnumber"], "action_page": [1, 1]}, {"number_of_pages": 2, "action": ["captcha", "next_checkout"], "action_page": [1, 1]}, {"number_of_pages": 2, "action": ["next_login", "cccvv", "departureairport"], "action_page": [0, 0, 1]}, {"number_of_pages": 2, "action": ["inpgroup1", "destinationdate"], "action_page": [0, 0]}, {"number_of_pages": 2, "action": ["zipcode", "destinationairport"], "action_page": [0, 0]}, {"number_of_pages": 1, "action": ["header", "username"], "action_page": [0, 0]}, {"number_of_pages": 2, "action": ["ccexpdate", "numberofpeople"], "action_page": [0, 0]}, {"number_of_pages": 2, "action": ["departureairport", "destinationairport", "stayloggedin"], "action_page": [0, 0, 1]}, {"number_of_pages": 2, "action": ["next_login", "lastname"], "action_page": [0, 0]}, {"number_of_pages": 2, "action": ["submit", "cabin"], "action_page": [0, 0]}, {"number_of_pages": 2, "action": ["departuredate", "departureairport", "destinationairport"], "action_page": [0, 0, 1]}, {"number_of_pages": 2, "action": ["captcha", "captcha"], "action_page": [0, 0]}, {"number_of_pages": 2, "action": ["stayloggedin", "addressline1", "firstname"], "action_page": [0, 1, 1]}, {"number_of_pages": 2, "action": ["departureairport", "next_checkout", "flighttype"], "action_page": [0, 1, 1]}, {"number_of_pages": 2, "action": ["addressline2", "rememberme", "destinationairport"], "action_page": [0, 1, 1]}, {"number_of_pages": 2, "action": ["firstname", "flighttype"], "action_page": [1, 1]}, {"number_of_pages": 2, "action": ["departuredate", "ccexpdate", "cc"], "action_page": [0, 0, 1]}, {"number_of_pages": 1, "action": ["password", "flighttype"], "action_page": [0, 0]}, {"number_of_pages": 4, "action": ["city", "navbar", "ccexpdate"], "action_page": [1, 3, 3]}, {"number_of_pages": 2, "action": ["firstname", "rememberme"], "action_page": [1, 1]}, {"number_of_pages": 2, "action": ["departureairport", "destinationairport", "addressline1"], "action_page": [0, 1, 1]}, {"number_of_pages": 2, "action": ["destinationairport", "addressline1", "numberofpeople"], "action_page": [0, 0, 1]}, {"number_of_pages": 2, "action": ["username", "firstname", "flighttype"], "action_page": [0, 0, 1]}, {"number_of_pages": 1, "action": ["inpgroup1", "username"], "action_page": [0, 0]}, {"number_of_pages": 2, "action": ["cabin", "stayloggedin", "stayloggedin"], "action_page": [0, 1, 1]}, {"number_of_pages": 2, "action": ["departureairport", "password", "captcha"], "action_page": [0, 0, 1]}, {"number_of_pages": 2, "action": ["cccvv", "fullname", "fullname"], "action_page": [0, 1, 1]}, {"number_of_pages": 2, "action": ["zipcode", "rememberme"], "action_page": [0, 0]}, {"number_of_pages": 2, "action": ["navbar", "departureairport"], "action_page": [0, 0]}, {"number_of_pages": 2, "action": ["destinationdate", "ccexpdate"], "action_page": [0, 1]}, {"number_of_pages": 2, "action": ["destinationdate", "fullname", "rememberme"], "action_page": [0, 1, 1]}, {"number_of_pages": 2, "action": ["navbar", "state"], "action_page": [1, 1]}, {"number_of_pages": 2, "action": ["departureairport", "flighttype", "username"], "action_page": [0, 1, 1]}, {"number_of_pages": 2, "action": ["city", "addressline1", "ccnumber"], "action_page": [0, 0, 1]}, {"number_of_pages": 2, "action": ["footer1", "destinationdate", "fullname"], "action_page": [0, 0, 1]}, {"number_of_pages": 2, "action": ["city", "fullname"], "action_page": [0, 0]}, {"number_of_pages": 2, "action": ["deck", "rememberme", "departuredate"], "action_page": [0, 0, 1]}, {"number_of_pages": 1, "action": ["footer1", "city"], "action_page": [0, 0]}, {"number_of_pages": 2, "action": ["addressline1", "captcha"], "action_page": [1, 1]}, {"number_of_pages": 2, "action": ["lastname", "destinationdate", "dealmedia"], "action_page": [0, 1, 1]}, {"number_of_pages": 2, "action": ["header", "rememberme", "addressline2"], "action_page": [0, 0, 1]}, {"number_of_pages": 3, "action": ["cccvv", "addressline1", "next_login", "stayloggedin"], "action_page": [0, 1, 1, 2]}, {"number_of_pages": 3, "action": ["lastname", "firstname"], "action_page": [0, 1]}, {"number_of_pages": 1, "action": ["rememberme", "state"], "action_page": [0, 0]}, {"number_of_pages": 2, "action": ["submit", "cc"], "action_page": [1, 1]}, {"number_of_pages": 2, "action": ["addressline2", "captcha", "addressline1"], "action_page": [0, 0, 1]}, {"number_of_pages": 2, "action": ["city", "cabin"], "action_page": [0, 0]}, {"number_of_pages": 2, "action": ["cccvv", "state"], "action_page": [1, 1]}, {"number_of_pages": 2, "action": ["username", "cccvv", "zipcode"], "action_page": [0, 1, 1]}, {"number_of_pages": 2, "action": ["password", "rememberme", "cc"], "action_page": [0, 1, 1]}, {"number_of_pages": 1, "action": ["rememberme", "next_login"], "action_page": [0, 0]}, {"number_of_pages": 2, "action": ["cc", "departuredate", "stayloggedin"], "action_page": [0, 0, 1]}, {"number_of_pages": 2, "action": ["inpgroup1", "addressline2", "numberofpeople"], "action_page": [0, 0, 1]}, {"number_of_pages": 3, "action": ["ccexpdate", "state"], "action_page": [0, 0]}, {"number_of_pages": 2, "action": ["password", "flighttype"], "action_page": [0, 0]}, {"number_of_pages": 1, "action": ["dealmedia", "password"], "action_page": [0, 0]}, {"number_of_pages": 1, "action": ["submit", "departuredate"], "action_page": [0, 0]}, {"number_of_pages": 2, "action": ["addressline2", "cabin", "zipcode"], "action_page": [0, 1, 1]}, {"number_of_pages": 2, "action": ["flighttype", "deck", "fullname"], "action_page": [0, 0, 1]}, {"number_of_pages": 1, "action": ["addressline1", "city"], "action_page": [0, 0]}, {"number_of_pages": 1, "action": ["numberofpeople", "lastname"], "action_page": [0, 0]}, {"number_of_pages": 2, "action": ["addressline2", "numberofpeople"], "action_page": [0, 1]}, {"number_of_pages": 2, "action": ["departuredate", "captcha"], "action_page": [0, 0]}, {"number_of_pages": 2, "action": ["numberofpeople", "ccnumber", "departuredate"], "action_page": [0, 0, 1]}, {"number_of_pages": 1, "action": ["submit", "rememberme"], "action_page": [0, 0]}, {"number_of_pages": 1, "action": ["city", "firstname"], "action_page": [0, 0]}, {"number_of_pages": 2, "action": ["zipcode", "navbar", "zipcode"], "action_page": [0, 0, 1]}, {"number_of_pages": 2, "action": ["city", "state"], "action_page": [1, 1]}, {"number_of_pages": 2, "action": ["inpgroup1", "username"], "action_page": [0, 0]}, {"number_of_pages": 2, "action": ["ccexpdate", "destinationairport", "stayloggedin"], "action_page": [0, 1, 1]}, {"number_of_pages": 2, "action": ["flighttype", "cabin", "addressline1"], "action_page": [0, 0, 1]}, {"number_of_pages": 1, "action": ["ccnumber", "cabin"], "action_page": [0, 0]}, {"number_of_pages": 2, "action": ["footer1", "rememberme", "ccexpdate"], "action_page": [0, 0, 1]}, {"number_of_pages": 2, "action": ["numberofpeople", "addressline2"], "action_page": [1, 1]}, {"number_of_pages": 3, "action": ["ccnumber", "departuredate", "lastname"], "action_page": [1, 2, 2]}, {"number_of_pages": 3, "action": ["numberofpeople", "departuredate"], "action_page": [2, 2]}, {"number_of_pages": 2, "action": ["username", "flighttype"], "action_page": [0, 0]}, {"number_of_pages": 2, "action": ["cccvv", "inpgroup1", "addressline2"], "action_page": [0, 1, 1]}, {"number_of_pages": 2, "action": ["stayloggedin", "destinationdate", "rememberme"], "action_page": [0, 0, 1]}, {"number_of_pages": 2, "action": ["lastname", "addressline2", "destinationdate"], "action_page": [0, 1, 1]}, {"number_of_pages": 2, "action": ["firstname", "rememberme", "zipcode"], "action_page": [0, 1, 1]}, {"number_of_pages": 1, "action": ["ccnumber", "destinationdate"], "action_page": [0, 0]}, {"number_of_pages": 2, "action": ["addressline1", "inpgroup1", "zipcode"], "action_page": [0, 0, 1]}, {"number_of_pages": 2, "action": ["state", "inpgroup1", "firstname"], "action_page": [0, 1, 1]}, {"number_of_pages": 2, "action": ["password", "firstname"], "action_page": [0, 0]}, {"number_of_pages": 1, "action": ["zipcode", "ccexpdate"], "action_page": [0, 0]}, {"number_of_pages": 2, "action": ["password", "addressline2"], "action_page": [0, 1]}, {"number_of_pages": 2, "action": ["departuredate", "inpgroup1"], "action_page": [1, 1]}, {"number_of_pages": 2, "action": ["cccvv", "flighttype", "ccnumber"], "action_page": [0, 1, 1]}, {"number_of_pages": 2, "action": ["cc", "state", "cc"], "action_page": [0, 0, 1]}, {"number_of_pages": 1, "action": ["carousel", "firstname"], "action_page": [0, 0]}, {"number_of_pages": 3, "action": ["departureairport", "captcha", "departureairport"], "action_page": [1, 1, 2]}, {"number_of_pages": 1, "action": ["carousel", "addressline1"], "action_page": [0, 0]}, {"number_of_pages": 2, "action": ["ccexpdate", "cc", "captcha"], "action_page": [0, 1, 1]}, {"number_of_pages": 2, "action": ["cc", "footer1", "addressline1"], "action_page": [0, 0, 1]}, {"number_of_pages": 2, "action": ["addressline1", "next_checkout"], "action_page": [0, 0]}, {"number_of_pages": 2, "action": ["captcha", "city", "addressline1"], "action_page": [0, 1, 1]}, {"number_of_pages": 2, "action": ["cabin", "stayloggedin", "departuredate"], "action_page": [0, 1, 1]}, {"number_of_pages": 2, "action": ["stayloggedin", "destinationdate", "cabin"], "action_page": [0, 1, 1]}, {"number_of_pages": 2, "action": ["addressline2", "captcha"], "action_page": [0, 1]}, {"number_of_pages": 2, "action": ["password", "numberofpeople", "ccnumber"], "action_page": [0, 0, 1]}, {"number_of_pages": 2, "action": ["ccexpdate"], "action_page": [1]}, {"number_of_pages": 1, "action": ["inpgroup1", "ccnumber"], "action_page": [0, 0]}, {"number_of_pages": 2, "action": ["ccnumber", "username", "lastname"], "action_page": [0, 1, 1]}, {"number_of_pages": 2, "action": ["fullname", "password"], "action_page": [0, 1]}, {"number_of_pages": 2, "action": ["stayloggedin", "cabin"], "action_page": [0, 1]}, {"number_of_pages": 1, "action": ["header", "rememberme"], "action_page": [0, 0]}, {"number_of_pages": 2, "action": ["numberofpeople", "addressline2", "captcha"], "action_page": [0, 0, 1]}, {"number_of_pages": 2, "action": ["cccvv", "rememberme", "ccexpdate"], "action_page": [0, 1, 1]}, {"number_of_pages": 2, "action": ["firstname", "zipcode", "footer1"], "action_page": [0, 1, 1]}, {"number_of_pages": 2, "action": ["cccvv", "departuredate"], "action_page": [0, 0]}, {"number_of_pages": 2, "action": ["destinationdate", "footer1"], "action_page": [1, 1]}, {"number_of_pages": 2, "action": ["rememberme", "departuredate", "state"], "action_page": [0, 1, 1]}, {"number_of_pages": 2, "action": ["lastname", "ccexpdate", "firstname"], "action_page": [0, 0, 1]}, {"number_of_pages": 2, "action": ["destinationdate", "cabin"], "action_page": [1, 1]}, {"number_of_pages": 2, "action": ["lastname", "ccexpdate"], "action_page": [0, 1]}, {"number_of_pages": 2, "action": ["addressline1", "forgotusername", "rememberme"], "action_page": [0, 0, 1]}, {"number_of_pages": 1, "action": ["ccnumber", "numberofpeople"], "action_page": [0, 0]}, {"number_of_pages": 2, "action": ["password", "username", "cabin"], "action_page": [0, 0, 1]}, {"number_of_pages": 1, "action": ["password", "ccnumber"], "action_page": [0, 0]}, {"number_of_pages": 1, "action": ["rememberme", "ccnumber"], "action_page": [0, 0]}, {"number_of_pages": 2, "action": ["flighttype", "cc", "username"], "action_page": [0, 0, 1]}, {"number_of_pages": 2, "action": ["numberofpeople", "destinationdate", "destinationairport"], "action_page": [0, 1, 1]}, {"number_of_pages": 2, "action": ["numberofpeople", "stayloggedin", "next_checkout"], "action_page": [0, 1, 1]}, {"number_of_pages": 1, "action": ["flighttype", "firstname"], "action_page": [0, 0]}, {"number_of_pages": 2, "action": ["addressline1", "state", "state"], "action_page": [0, 1, 1]}, {"number_of_pages": 2, "action": ["ccnumber", "navbar", "destinationairport"], "action_page": [0, 0, 1]}, {"number_of_pages": 1, "action": ["submit", "firstname"], "action_page": [0, 0]}, {"number_of_pages": 2, "action": ["password", "header", "password"], "action_page": [0, 1, 1]}, {"number_of_pages": 2, "action": ["cc", "numberofpeople", "firstname"], "action_page": [0, 1, 1]}, {"number_of_pages": 3, "action": ["destinationdate", "destinationdate"], "action_page": [1, 1]}, {"number_of_pages": 2, "action": ["destinationairport"], "action_page": [1]}, {"number_of_pages": 2, "action": ["stayloggedin", "flighttype", "cccvv"], "action_page": [0, 1, 1]}, {"number_of_pages": 2, "action": ["firstname", "destinationairport", "next_login"], "action_page": [0, 1, 1]}, {"number_of_pages": 2, "action": ["lastname", "zipcode", "destinationdate"], "action_page": [0, 1, 1]}, {"number_of_pages": 2, "action": ["firstname", "city", "departuredate"], "action_page": [0, 1, 1]}, {"number_of_pages": 2, "action": ["lastname", "state"], "action_page": [1, 1]}, {"number_of_pages": 1, "action": ["deck", "password"], "action_page": [0, 0]}, {"number_of_pages": 2, "action": ["firstname", "numberofpeople", "departuredate"], "action_page": [0, 1, 1]}, {"number_of_pages": 1, "action": ["username", "firstname"], "action_page": [0, 0]}, {"number_of_pages": 2, "action": ["destinationdate", "next_login", "zipcode"], "action_page": [0, 1, 1]}, {"number_of_pages": 1, "action": ["cc", "cc"], "action_page": [0, 0]}, {"number_of_pages": 2, "action": ["username", "departuredate", "city"], "action_page": [0, 0, 1]}, {"number_of_pages": 2, "action": ["flighttype", "password", "next_checkout"], "action_page": [0, 1, 1]}, {"number_of_pages": 2, "action": ["password"], "action_page": [1]}, {"number_of_pages": 2, "action": ["captcha", "cabin"], "action_page": [1, 1]}, {"number_of_pages": 2, "action": ["cc", "submit"], "action_page": [0, 0]}, {"number_of_pages": 4, "action": ["addressline1", "firstname"], "action_page": [0, 3]}, {"number_of_pages": 2, "action": ["lastname", "cccvv", "departureairport"], "action_page": [0, 1, 1]}, {"number_of_pages": 3, "action": ["addressline2", "addressline2"], "action_page": [0, 2]}, {"number_of_pages": 2, "action": ["captcha", "addressline1", "password"], "action_page": [0, 1, 1]}, {"number_of_pages": 2, "action": ["ccexpdate", "lastname", "destinationdate"], "action_page": [0, 0, 1]}, {"number_of_pages": 2, "action": ["ccexpdate", "fullname", "addressline2"], "action_page": [0, 1, 1]}, {"number_of_pages": 3, "action": ["password", "dealmedia", "firstname"], "action_page": [0, 0, 2]}, {"number_of_pages": 3, "action": ["addressline1"], "action_page": [1]}, {"number_of_pages": 2, "action": ["stayloggedin", "stayloggedin", "flighttype"], "action_page": [0, 1, 1]}, {"number_of_pages": 2, "action": ["addressline1", "cart", "destinationairport"], "action_page": [0, 1, 1]}, {"number_of_pages": 2, "action": ["ccnumber", "dealmedia", "addressline2"], "action_page": [0, 1, 1]}, {"number_of_pages": 2, "action": ["ccnumber", "addressline1", "carousel"], "action_page": [0, 1, 1]}, {"number_of_pages": 2, "action": ["footer1", "fullname", "cc"], "action_page": [0, 0, 1]}, {"number_of_pages": 2, "action": ["ccexpdate", "rememberme"], "action_page": [1, 1]}, {"number_of_pages": 1, "action": ["username", "next_login"], "action_page": [0, 0]}, {"number_of_pages": 2, "action": ["lastname", "navbar", "numberofpeople"], "action_page": [0, 0, 1]}, {"number_of_pages": 2, "action": ["password", "next_login", "fullname"], "action_page": [0, 0, 1]}, {"number_of_pages": 2, "action": ["zipcode", "fullname"], "action_page": [0, 1]}, {"number_of_pages": 1, "action": ["departureairport", "zipcode"], "action_page": [0, 0]}, {"number_of_pages": 2, "action": ["cccvv", "cart"], "action_page": [1, 1]}, {"number_of_pages": 2, "action": ["departureairport", "captcha", "city"], "action_page": [0, 1, 1]}, {"number_of_pages": 2, "action": ["departureairport", "stayloggedin", "cc"], "action_page": [0, 1, 1]}, {"number_of_pages": 1, "action": ["numberofpeople", "captcha"], "action_page": [0, 0]}, {"number_of_pages": 2, "action": ["ccexpdate", "ccexpdate", "dealmedia"], "action_page": [0, 1, 1]}, {"number_of_pages": 2, "action": ["cc", "next_login", "cccvv"], "action_page": [0, 1, 1]}, {"number_of_pages": 2, "action": ["cabin", "firstname", "cabin"], "action_page": [0, 1, 1]}, {"number_of_pages": 2, "action": ["cart", "flighttype", "ccnumber"], "action_page": [0, 0, 1]}, {"number_of_pages": 2, "action": ["numberofpeople", "zipcode"], "action_page": [1, 1]}, {"number_of_pages": 1, "action": ["ccexpdate", "departureairport"], "action_page": [0, 0]}, {"number_of_pages": 2, "action": ["ccnumber", "rememberme"], "action_page": [1, 1]}, {"number_of_pages": 2, "action": ["destinationdate", "state", "city"], "action_page": [0, 1, 1]}, {"number_of_pages": 2, "action": ["destinationairport", "addressline2", "numberofpeople"], "action_page": [0, 0, 1]}, {"number_of_pages": 2, "action": ["firstname", "addressline1", "ccnumber"], "action_page": [0, 0, 1]}, {"number_of_pages": 1, "action": ["cabin", "destinationdate"], "action_page": [0, 0]}, {"number_of_pages": 2, "action": ["ccexpdate", "username", "header"], "action_page": [0, 1, 1]}, {"number_of_pages": 2, "action": ["fullname", "lastname", "cart"], "action_page": [0, 1, 1]}, {"number_of_pages": 1, "action": ["cc", "dealmedia"], "action_page": [0, 0]}, {"number_of_pages": 3, "action": ["destinationdate", "ccexpdate"], "action_page": [0, 0]}, {"number_of_pages": 2, "action": ["firstname", "state", "departureairport"], "action_page": [0, 0, 1]}, {"number_of_pages": 2, "action": ["addressline1", "departureairport", "rememberme"], "action_page": [0, 1, 1]}, {"number_of_pages": 2, "action": ["destinationairport", "state", "zipcode"], "action_page": [0, 0, 1]}, {"number_of_pages": 1, "action": ["navbar", "cccvv"], "action_page": [0, 0]}, {"number_of_pages": 1, "action": ["city", "destinationairport"], "action_page": [0, 0]}, {"number_of_pages": 2, "action": ["rememberme", "next_login", "rememberme"], "action_page": [0, 0, 1]}, {"number_of_pages": 2, "action": ["destinationdate", "carousel", "stayloggedin"], "action_page": [0, 1, 1]}, {"number_of_pages": 1, "action": ["cccvv", "fullname"], "action_page": [0, 0]}, {"number_of_pages": 2, "action": ["destinationdate", "departureairport", "state"], "action_page": [0, 1, 1]}, {"number_of_pages": 1, "action": ["navbar", "flighttype"], "action_page": [0, 0]}, {"number_of_pages": 2, "action": ["destinationairport", "submit", "captcha"], "action_page": [0, 0, 1]}, {"number_of_pages": 2, "action": ["password", "destinationairport", "city"], "action_page": [0, 0, 1]}, {"number_of_pages": 3, "action": ["cabin", "destinationairport", "cabin"], "action_page": [1, 2, 2]}, {"number_of_pages": 2, "action": ["stayloggedin", "zipcode"], "action_page": [1, 1]}, {"number_of_pages": 2, "action": ["destinationdate", "destinationairport"], "action_page": [0, 1]}, {"number_of_pages": 2, "action": ["cc", "ccnumber"], "action_page": [0, 1]}, {"number_of_pages": 2, "action": ["zipcode", "departureairport"], "action_page": [0, 0]}, {"number_of_pages": 2, "action": ["header", "lastname"], "action_page": [0, 0]}, {"number_of_pages": 1, "action": ["rememberme", "zipcode"], "action_page": [0, 0]}, {"number_of_pages": 2, "action": ["carousel", "addressline1", "captcha"], "action_page": [0, 0, 1]}, {"number_of_pages": 2, "action": ["username", "destinationairport", "stayloggedin"], "action_page": [0, 0, 1]}, {"number_of_pages": 2, "action": ["zipcode", "captcha", "addressline1"], "action_page": [0, 1, 1]}, {"number_of_pages": 2, "action": ["next_checkout", "stayloggedin"], "action_page": [0, 0]}, {"number_of_pages": 3, "action": ["numberofpeople", "username", "departureairport"], "action_page": [0, 0, 2]}, {"number_of_pages": 2, "action": ["destinationdate", "footer1", "firstname"], "action_page": [0, 0, 1]}, {"number_of_pages": 2, "action": ["cc", "username"], "action_page": [1, 1]}, {"number_of_pages": 3, "action": ["rememberme", "stayloggedin"], "action_page": [1, 2]}, {"number_of_pages": 2, "action": ["submit", "cabin", "rememberme"], "action_page": [0, 0, 1]}, {"number_of_pages": 2, "action": ["firstname", "dealmedia"], "action_page": [1, 1]}, {"number_of_pages": 3, "action": ["cc", "cabin", "inpgroup1", "firstname"], "action_page": [0, 1, 1, 2]}, {"number_of_pages": 1, "action": ["username", "lastname"], "action_page": [0, 0]}, {"number_of_pages": 2, "action": ["ccexpdate", "carousel", "zipcode"], "action_page": [0, 1, 1]}, {"number_of_pages": 2, "action": ["destinationdate", "captcha", "addressline2"], "action_page": [0, 0, 1]}, {"number_of_pages": 2, "action": ["ccnumber", "addressline2", "rememberme"], "action_page": [0, 1, 1]}, {"number_of_pages": 2, "action": ["cccvv", "state"], "action_page": [0, 1]}, {"number_of_pages": 2, "action": ["cccvv", "numberofpeople", "navbar"], "action_page": [0, 1, 1]}, {"number_of_pages": 2, "action": ["state", "footer1"], "action_page": [0, 0]}, {"number_of_pages": 2, "action": ["password", "stayloggedin", "state"], "action_page": [0, 1, 1]}, {"number_of_pages": 2, "action": ["ccexpdate", "departureairport", "destinationairport"], "action_page": [0, 1, 1]}, {"number_of_pages": 2, "action": ["lastname", "lastname", "next_login"], "action_page": [0, 1, 1]}, {"number_of_pages": 3, "action": ["departuredate", "lastname"], "action_page": [0, 0]}, {"number_of_pages": 1, "action": ["navbar", "navbar", "addressline1"], "action_page": [0, 0, 0]}, {"number_of_pages": 1, "action": ["firstname", "cc"], "action_page": [0, 0]}, {"number_of_pages": 2, "action": ["addressline1", "dealmedia", "cccvv"], "action_page": [0, 1, 1]}, {"number_of_pages": 2, "action": ["dealmedia", "city"], "action_page": [1, 1]}, {"number_of_pages": 2, "action": ["cccvv", "carousel"], "action_page": [1, 1]}, {"number_of_pages": 2, "action": ["password", "departureairport"], "action_page": [0, 1]}, {"number_of_pages": 1, "action": ["footer1", "username"], "action_page": [0, 0]}, {"number_of_pages": 2, "action": ["captcha", "cc"], "action_page": [0, 0]}, {"number_of_pages": 3, "action": ["navbar", "rememberme", "lastname"], "action_page": [1, 1, 2]}, {"number_of_pages": 2, "action": ["addressline2", "zipcode", "departureairport"], "action_page": [0, 0, 1]}, {"number_of_pages": 2, "action": ["firstname", "password", "destinationairport"], "action_page": [0, 1, 1]}, {"number_of_pages": 2, "action": ["numberofpeople", "numberofpeople"], "action_page": [0, 1]}, {"number_of_pages": 2, "action": ["addressline1", "next_login_page"], "action_page": [1, 1]}, {"number_of_pages": 2, "action": ["stayloggedin", "stayloggedin", "addressline1"], "action_page": [0, 0, 1]}, {"number_of_pages": 3, "action": ["state"], "action_page": [1]}, {"number_of_pages": 2, "action": ["destinationdate", "cccvv"], "action_page": [0, 1]}, {"number_of_pages": 2, "action": ["ccnumber", "city"], "action_page": [0, 1]}, {"number_of_pages": 2, "action": ["destinationairport", "numberofpeople", "numberofpeople"], "action_page": [0, 0, 1]}, {"number_of_pages": 2, "action": ["ccnumber", "deck", "rememberme"], "action_page": [0, 1, 1]}, {"number_of_pages": 2, "action": ["addressline2", "inpgroup1", "departureairport"], "action_page": [0, 0, 1]}, {"number_of_pages": 1, "action": ["fullname"], "action_page": [0]}, {"number_of_pages": 2, "action": ["state", "city"], "action_page": [1, 1]}, {"number_of_pages": 2, "action": ["state", "departureairport"], "action_page": [0, 0]}, {"number_of_pages": 1, "action": ["cccvv", "ccnumber"], "action_page": [0, 0]}, {"number_of_pages": 2, "action": ["addressline1", "cabin", "ccnumber"], "action_page": [0, 1, 1]}, {"number_of_pages": 2, "action": ["username", "addressline2"], "action_page": [0, 1]}, {"number_of_pages": 2, "action": ["fullname", "firstname", "numberofpeople"], "action_page": [0, 0, 1]}, {"number_of_pages": 2, "action": ["departureairport", "ccnumber"], "action_page": [1, 1]}, {"number_of_pages": 2, "action": ["stayloggedin", "state"], "action_page": [0, 0]}, {"number_of_pages": 2, "action": ["addressline2", "state", "stayloggedin"], "action_page": [0, 1, 1]}, {"number_of_pages": 2, "action": ["header", "flighttype"], "action_page": [1, 1]}, {"number_of_pages": 1, "action": ["destinationdate", "fullname"], "action_page": [0, 0]}, {"number_of_pages": 2, "action": ["city", "password"], "action_page": [1, 1]}, {"number_of_pages": 2, "action": ["city", "destinationdate", "carousel"], "action_page": [0, 1, 1]}, {"number_of_pages": 2, "action": ["cc", "username"], "action_page": [0, 1]}, {"number_of_pages": 2, "action": ["cabin", "numberofpeople", "cccvv"], "action_page": [0, 1, 1]}, {"number_of_pages": 2, "action": ["captcha", "destinationdate", "numberofpeople"], "action_page": [0, 0, 1]}, {"number_of_pages": 2, "action": ["fullname", "cc"], "action_page": [1, 1]}, {"number_of_pages": 1, "action": ["destinationdate", "cc"], "action_page": [0, 0]}, {"number_of_pages": 2, "action": ["flighttype", "firstname", "stayloggedin"], "action_page": [0, 0, 1]}, {"number_of_pages": 2, "action": ["flighttype", "password"], "action_page": [0, 1]}, {"number_of_pages": 2, "action": ["addressline2", "destinationairport"], "action_page": [1, 1]}, {"number_of_pages": 2, "action": ["numberofpeople", "captcha", "addressline1"], "action_page": [0, 0, 1]}, {"number_of_pages": 2, "action": ["addressline2", "addressline2", "addressline1"], "action_page": [0, 1, 1]}, {"number_of_pages": 2, "action": ["departureairport", "city", "cabin"], "action_page": [0, 1, 1]}, {"number_of_pages": 3, "action": ["state", "captcha", "destinationdate"], "action_page": [1, 1, 2]}, {"number_of_pages": 3, "action": ["flighttype", "stayloggedin", "destinationdate"], "action_page": [1, 2, 2]}, {"number_of_pages": 2, "action": ["firstname", "dealmedia", "cccvv"], "action_page": [0, 1, 1]}, {"number_of_pages": 2, "action": ["zipcode", "city", "addressline2"], "action_page": [0, 0, 1]}, {"number_of_pages": 2, "action": ["captcha", "departuredate"], "action_page": [0, 1]}, {"number_of_pages": 2, "action": ["cabin", "submit", "state"], "action_page": [0, 1, 1]}, {"number_of_pages": 3, "action": ["rememberme", "navbar", "ccexpdate"], "action_page": [1, 2, 2]}, {"number_of_pages": 2, "action": ["cc", "ccexpdate"], "action_page": [1, 1]}, {"number_of_pages": 3, "action": ["inpgroup1", "cccvv", "addressline2"], "action_page": [0, 0, 2]}, {"number_of_pages": 1, "action": ["stayloggedin", "departureairport"], "action_page": [0, 0]}, {"number_of_pages": 1, "action": ["addressline2", "footer1"], "action_page": [0, 0]}, {"number_of_pages": 2, "action": ["carousel", "captcha", "captcha"], "action_page": [0, 0, 1]}, {"number_of_pages": 2, "action": ["cccvv", "ccexpdate"], "action_page": [1, 1]}]